School DBN,School Name,School District,Total Applicants,True Applicants,Ratio,Rank
25Q525,Townsend Harris High School,25,6780.0,4957.0,3624.1665191740412,1
22K405,Midwood High School,22,11658.0,5495.0,2590.069051295248,2
03M479,Beacon High School,3,7891.0,4442.0,2500.4896717779748,3
02M416,Eleanor Roosevelt High School,2,7699.0,3749.0,1825.5618911546953,4
26Q430,Francis Lewis High School,26,8708.0,3905.0,1751.1512402388607,5
03M541,Manhattan / Hunter Science High School,3,5406.0,2689.0,1337.5362560118388,6
24Q299,Bard High School Early College Queens,24,3866.0,2227.0,1282.857992757372,7
01M696,Bard High School Early College,1,3946.0,2196.0,1222.1023821591484,8
22K425,James Madison High School,22,6968.0,2801.0,1125.9473306544203,9
01M539,"New Explorations into Science, Technology and Math High School",1,3743.0,2047.0,1119.4787603526584,10
02M411,Baruch College Campus High School,2,6773.0,2753.0,1119.003248191348,11
26Q495,Bayside High School,26,6914.0,2765.0,1105.7600520682672,12
15K684,Millennium Brooklyn HS,15,5385.0,2365.0,1038.6675951717734,13
22K535,Leon M. Goldstein High School for the Sciences,22,3985.0,2007.0,1010.8027603513175,14
02M418,Millennium High School,2,5541.0,2290.0,946.4176141490706,15
28Q620,Thomas A. Edison Career and Technical Education High School,28,6131.0,2355.0,904.5873430109281,16
28Q440,Forest Hills High School,28,7184.0,2477.0,854.0547048997773,17
21K525,Edward R. Murrow High School,21,6293.0,2283.0,828.2359764818052,18
31R455,Tottenville High School,31,3274.0,1627.0,808.5305436774588,19
20K490,Fort Hamilton High School,20,4983.0,1995.0,798.7206502107165,20
04M435,Manhattan Center for Science and Mathematics,4,5010.0,1993.0,792.8241516966068,21
30Q501,Frank Sinatra School of the Arts High School,30,3557.0,1643.0,758.911723362384,22
24Q585,Maspeth High School,24,5045.0,1953.0,756.0374628344896,23
05M362,Columbia Secondary School,5,4258.0,1769.0,734.9368248003758,24
26Q415,Benjamin N. Cardozo High School,26,4527.0,1666.0,613.1115529047935,25
24Q610,Aviation Career & Technical Education High School,24,4123.0,1548.0,581.2039776861509,26
02M630,Art and Design High School,2,3594.0,1359.0,513.8789649415693,27
30Q580,Baccalaureate School for Global Education,30,1732.0,937.0,506.9105080831409,28
04M555,Central Park East High School,4,4762.0,1538.0,496.7333053338933,29
20K485,High School of Telecommunication Arts and Technology,20,2973.0,1210.0,492.4655230406996,30
27Q650,"High School for Construction Trades, Engineering and Architecture",27,3028.0,1209.0,482.72159841479527,31
02M260,The Clinton School,2,2837.0,1151.0,466.9725061684878,32
20K445,New Utrecht High School,20,4568.0,1443.0,455.83384413309983,33
31R047,CSI High School for International Studies,31,1755.0,879.0,440.25128205128203,34
28Q686,Queens Metropolitan High School,28,2321.0,931.0,373.44291253769927,35
31R440,New Dorp High School,31,2806.0,1011.0,364.2626514611547,36
02M412,N.Y.C. Lab School for Collaborative Studies,2,3134.0,1067.0,363.2702616464582,37
24Q600,Queens Technical High School,24,3942.0,1196.0,362.86555048198886,38
31R460,Susan E. Wagner High School,31,2611.0,968.0,358.87552661815397,39
02M376,NYC iSchool,2,2459.0,931.0,352.4851565677105,40
27Q323,Scholars' Academy,27,1065.0,580.0,315.86854460093895,41
22K555,Brooklyn College Academy,22,2698.0,911.0,307.60600444773905,42
07X495,University Heights Secondary School,7,2181.0,787.0,283.98395231545163,43
12X641,Bard High School Early College Bronx,12,1391.0,613.0,270.1430625449317,44
02M600,The High School of Fashion Industries,2,2046.0,720.0,253.3724340175953,45
02M414,N.Y.C. Museum School,2,3022.0,865.0,247.5926538716082,46
02M439,Manhattan Village Academy,2,3002.0,860.0,246.3690872751499,47
30Q575,Academy of American Studies,30,2727.0,819.0,245.97029702970298,48
31R450,Curtis High School,31,1967.0,690.0,242.043721403152,49
20K505,Franklin Delano Roosevelt High School,20,3723.0,924.0,229.32473811442387,50
17K590,Medgar Evers College Preparatory School,17,2078.0,676.0,219.91145332050047,51
28Q284,York Early College Academy,28,1602.0,580.0,209.98751560549314,52
24Q530,International High School at LaGuardia Community College,24,1236.0,505.0,206.3309061488673,53
04M495,Park East High School,4,2653.0,739.0,205.85035808518657,54
02M420,High School for Health Professions and Human Services,2,2991.0,776.0,201.32932129722502,55
27Q308,Robert H. Goddard High School of Communication Arts and Technology,27,1222.0,468.0,179.2340425531915,56
28Q167,Metropolitan Expeditionary Learning School,28,1254.0,467.0,173.914673046252,57
31R064,Gaynor McCown Expeditionary Learning School,31,777.0,364.0,170.52252252252254,58
24Q520,Middle College High School at LaGuardia Community College,24,1826.0,552.0,166.86966046002192,59
25Q425,John Bowne High School,25,3116.0,720.0,166.36713735558408,60
15K656,Brooklyn High School of the Arts,15,2104.0,574.0,156.59505703422053,61
09X260,Bronx Center for Science and Mathematics,9,2530.0,621.0,152.42727272727274,62
21K540,John Dewey High School,21,2573.0,622.0,150.3630003886514,63
21K468,Kingsborough Early College School,21,1229.0,429.0,149.74857607811228,64
13K595,Bedford Academy High School,13,2464.0,599.0,145.61728896103895,65
24Q264,Academy of Finance and Enterprise,24,2163.0,546.0,137.8252427184466,66
02M519,Talent Unlimited High School,2,1599.0,468.0,136.97560975609755,67
02M413,School of the Future High School,2,1741.0,485.0,135.10913268236646,68
24Q550,High School for Arts and Business,24,2257.0,552.0,135.00398759415154,69
21K410,Abraham Lincoln High School,21,2225.0,539.0,130.57123595505618,70
02M294,Essex Street Academy,2,2478.0,562.0,127.4592413236481,71
03M291,West End Secondary School,3,1209.0,392.0,127.10008271298594,72
28Q680,Queens Gateway to Health Sciences Secondary School,28,1238.0,384.0,119.10823909531503,73
10X440,DeWitt Clinton High School,10,2901.0,586.0,118.37159600137883,74
02M545,High School for Dual Language and Asian Studies,2,769.0,299.0,116.25617685305592,75
02M408,Professional Performing Arts High School,2,1255.0,378.0,113.85179282868526,76
10X141,Riverdale / Kingsbridge Academy (Middle School / High School 141),10,648.0,268.0,110.8395061728395,77
06M293,City College Academy of the Arts,6,1028.0,337.0,110.47568093385215,78
25Q281,East-West School of International Studies,25,766.0,290.0,109.7911227154047,79
27Q475,Richmond Hill High School,27,1397.0,386.0,106.65425912670007,80
13K670,Benjamin Banneker Academy,13,1912.0,451.0,106.38127615062761,81
28Q505,Hillcrest High School,28,2316.0,496.0,106.22452504317789,82
31R080,The Michael J. Petrides School,31,724.0,274.0,103.69613259668509,83
17K600,Clara Barton High School,17,1276.0,355.0,98.76567398119123,84
03M417,Frank McCourt High School,3,1253.0,345.0,94.99201915403033,85
27Q262,Channel View School for Research,27,755.0,267.0,94.42251655629138,86
01M450,East Side Community School,1,1142.0,328.0,94.20665499124344,87
21K690,Brooklyn Studio Secondary School,21,844.0,281.0,93.55568720379146,88
27Q480,John Adams High School,27,2490.0,480.0,92.53012048192771,89
30Q450,Long Island City High School,30,1827.0,403.0,88.89381499726328,90
01M448,University Neighborhood High School,1,2248.0,447.0,88.88300711743773,91
31R445,Port Richmond High School,31,1267.0,334.0,88.04735595895816,92
10X437,Fordham High School for the Arts,10,1826.0,399.0,87.1856516976999,93
11X542,Pelham Preparatory Academy,11,2331.0,448.0,86.10210210210211,94
10X368,In-Tech Academy (M.S. / High School 368),10,707.0,244.0,84.20933521923621,95
24Q485,Grover Cleveland High School,24,1552.0,359.0,83.04188144329896,96
02M407,Institute for Collaborative Education,2,836.0,263.0,82.73803827751196,97
10X374,Knowledge and Power Preparatory Academy International High School (Kappa),10,2279.0,431.0,81.50987275120667,98
06M540,A. Philip Randolph Campus High School,6,2050.0,408.0,81.2019512195122,99
26Q315,Business Technology Early College High School,26,1032.0,289.0,80.9312015503876,100
11X455,Harry S Truman High School,11,1891.0,390.0,80.43363299841354,101
26Q566,"Queens High School of Teaching, Liberal Arts and the Sciences",26,671.0,231.0,79.52459016393442,102
12X242,Mott Hall V,12,1001.0,282.0,79.44455544455545,103
08X405,Herbert H. Lehman High School,8,2078.0,405.0,78.93407122232917,104
30Q258,Energy Tech High School,30,1535.0,348.0,78.89511400651466,105
30Q301,Academy for Careers in Television and Film,30,1410.0,330.0,77.23404255319149,106
02M546,Academy for Software Engineering,2,1992.0,388.0,75.57429718875503,107
24Q293,Civic Leadership Academy,24,1157.0,291.0,73.19014693171997,108
10X438,Fordham Leadership Academy,10,2416.0,416.0,71.62913907284768,109
09X327,Comprehensive Model School Project M.S. 327,9,706.0,224.0,71.07082152974505,110
15K667,Sunset Park High School,15,989.0,260.0,68.35187057633973,111
02M551,Urban Assembly New York Harbor School,2,724.0,221.0,67.45994475138122,112
32K554,All City Leadership Secondary School,32,911.0,247.0,66.96926454445664,113
09X365,Academy for Language and Technology,9,773.0,224.0,64.91073738680466,114
25Q670,Robert F. Kennedy Community High School,25,1012.0,254.0,63.75098814229249,115
31R600,Ralph R. McKee Career and Technical Education High School,31,620.0,198.0,63.23225806451613,116
02M400,High School for Environmental Studies,2,2558.0,395.0,60.994917904612976,117
19K409,East New York Family Academy,19,416.0,159.0,60.77163461538461,118
13K674,"City Polytechnic High School of Engineering, Architecture, and Technology",13,1239.0,274.0,60.59402744148507,119
29Q498,"Health, Arts, Robotics, and Technology High School",29,1435.0,293.0,59.82508710801394,120
02M507,Urban Assembly Gateway School for Technology,2,1299.0,278.0,59.4949961508853,121
09X505,"Bronx School for Law, Government and Justice",9,1132.0,259.0,59.25883392226148,122
25Q285,World Journalism Preparatory: A College Board School,25,448.0,162.0,58.580357142857146,123
09X231,Eagle Academy for Young Men,9,455.0,163.0,58.393406593406596,124
23K644,Eagle Academy for Young Men II,23,554.0,179.0,57.835740072202164,125
25Q263,Flushing International High School,25,576.0,182.0,57.50694444444444,126
11X288,Collegiate Institute for Math and Science,11,1764.0,317.0,56.96655328798186,127
02M288,Food and Finance High School,2,1225.0,264.0,56.89469387755102,128
03M859,Special Music School,3,482.0,165.0,56.483402489626556,129
21K344,Rachel Carson High School for Coastal Studies,21,469.0,162.0,55.95735607675906,130
02M542,Manhattan Bridges High School,2,904.0,224.0,55.50442477876106,131
14K610,A-Tech High School,14,1273.0,264.0,54.74941084053417,132
24Q296,Pan American International High School,24,508.0,166.0,54.24409448818898,133
07X223,The Laboratory School of Finance and Technology: X223,7,980.0,230.0,53.97959183673469,134
30Q286,"Young Women's Leadership School, Astoria",30,453.0,156.0,53.72185430463576,135
22K611,Origins High School,22,296.0,126.0,53.63513513513514,136
02M393,Business Of Sports School,2,1151.0,248.0,53.43527367506516,137
11X299,Astor Collegiate Academy,11,2199.0,342.0,53.18963165075034,138
30Q445,William Cullen Bryant High School,30,1681.0,297.0,52.47412254610351,139
25Q460,Flushing High School,25,1592.0,289.0,52.46293969849246,140
14K558,Williamsburg High School for Architecture and Design,14,1223.0,253.0,52.337694194603436,141
10X353,World View High School,10,1343.0,263.0,51.50335070737156,142
25Q252,"Queens School of Inquiry, The",25,508.0,161.0,51.025590551181104,143
16K498,Brooklyn High School for Law and Technology,16,1730.0,296.0,50.64508670520231,144
30Q555,Newcomers High School,30,559.0,166.0,49.295169946332734,145
17K543,"Science, Technology and Research Early College High School at Erasmus",17,790.0,197.0,49.1253164556962,146
10X442,"Celia Cruz Bronx High School of Music, The",10,561.0,165.0,48.529411764705884,147
07X548,Careers in Sports High School,7,1056.0,226.0,48.36742424242424,148
29Q259,Pathways College Preparatory School: A College Board School,29,440.0,145.0,47.78409090909091,149
06M552,Gregorio Luperon High School for Science and Mathematics,6,573.0,165.0,47.5130890052356,150
07X600,Alfred E. Smith Career and Technical Education High School,7,1126.0,227.0,45.762877442273535,151
14K561,Williamsburg Preparatory School,14,1131.0,226.0,45.16003536693192,152
24Q560,"Robert F. Wagner, Jr. Secondary School for Arts and Technology",24,1368.0,247.0,44.59722222222222,153
24Q455,Newtown High School,24,1328.0,243.0,44.46460843373494,154
06M348,Washington Heights Expeditionary Learning School,6,689.0,175.0,44.44847605224964,155
28Q350,Jamaica Gateway to the Sciences,28,1005.0,210.0,43.88059701492537,156
26Q435,Martin Van Buren High School,26,1084.0,217.0,43.440036900369,157
19K615,Transit Tech Career and Technical Education High School,19,1168.0,225.0,43.34332191780822,158
21K620,William E. Grady Career and Technical Education High School,21,970.0,205.0,43.324742268041234,159
05M499,Frederick Douglass Academy,5,903.0,195.0,42.10963455149502,160
04M372,Esperanza Preparatory Academy,4,322.0,114.0,40.36024844720497,161
11X249,Bronx Health Sciences High School,11,1270.0,225.0,39.86220472440945,162
11X508,Bronxdale High School,11,1828.0,267.0,38.99835886214442,163
27Q334,Epic High School - North,27,735.0,169.0,38.858503401360544,164
29Q327,Eagle Academy for Young Men III,29,324.0,112.0,38.71604938271605,165
27Q314,Epic High School - South,27,618.0,154.0,38.37540453074433,166
30Q502,Information Technology High School,30,944.0,190.0,38.24152542372882,167
28Q328,High School for Community Leadership,28,671.0,160.0,38.152011922503725,168
27Q302,"Queens High School for Information, Research, and Technology",27,671.0,160.0,38.152011922503725,168
02M489,High School of Economics and Finance,2,1374.0,223.0,36.19286754002911,170
08X269,Bronx Studio School for Writers and Artists,8,481.0,130.0,35.13513513513514,171
07X259,"H.E.R.O. High (Health, Education, and Research Occupations High School)",7,862.0,174.0,35.12296983758701,172
06M346,Community Health Academy of the Heights,6,586.0,143.0,34.89590443686007,173
19K660,W. H. Maxwell Career and Technical Education High School,19,991.0,185.0,34.53582240161453,174
03M610,Young Women's Leadership School,3,370.0,113.0,34.51081081081081,175
15K462,John Jay School for Law,15,1012.0,184.0,33.45454545454545,176
07X500,Hostos-Lincoln Academy of Science,7,751.0,158.0,33.241011984021306,177
07X221,South Bronx Preparatory: A College Board School,7,782.0,161.0,33.14705882352941,178
10X439,Bronx High School for Law and Community Service,10,1467.0,220.0,32.992501704158144,179
30Q367,Motion Picture Tech High School,30,538.0,133.0,32.87918215613383,180
13K605,George Westinghouse Career and Technical Education High School,13,1254.0,203.0,32.86204146730463,181
08X349,Bronx River High School,8,1172.0,196.0,32.77815699658703,182
06M211,Inwood Early College for Health and Information Technologies,6,745.0,156.0,32.665771812080536,183
27Q400,August Martin High School,27,960.0,177.0,32.634375,184
19K618,Academy of Innovative Technology,19,1048.0,183.0,31.955152671755727,185
03M492,"High School for Law, Advocacy and Community Justice",3,920.0,170.0,31.41304347826087,186
12X478,The Cinema School,12,618.0,139.0,31.263754045307444,187
02M459,Manhattan International High School,2,738.0,151.0,30.895663956639567,188
10X477,Marble Hill High School for International Studies,10,810.0,158.0,30.81975308641975,189
21K572,Leaders High School,21,462.0,119.0,30.651515151515152,190
15K497,The Boerum Hill School for International Studies,15,801.0,155.0,29.99375780274657,191
10X342,International School for Liberal Arts,10,219.0,81.0,29.958904109589042,192
11X418,Bronx High School for the Visual Arts,11,951.0,168.0,29.678233438485805,193
08X312,Millennium Art Academy,8,625.0,136.0,29.5936,194
02M543,New Design High School,2,852.0,157.0,28.93075117370892,195
09X413,Bronx High School for Medical Science,9,1104.0,178.0,28.69927536231884,196
14K488,Brooklyn Preparatory High School,14,1061.0,174.0,28.535344015080113,197
02M282,Urban Assembly Maker Academy,2,1074.0,175.0,28.51489757914339,198
10X434,Belmont Preparatory High School,10,1447.0,203.0,28.47892190739461,199
02M533,Union Square Academy for Health Sciences,2,834.0,154.0,28.436450839328536,200
11X270,Academy for Scholarship and Entrepreneurship: A College Board School,11,775.0,148.0,28.26322580645161,201
28Q896,"Young Women's Leadership School, Queens",28,350.0,99.0,28.002857142857142,202
02M392,Manhattan Business Academy,2,1321.0,191.0,27.616199848599546,203
02M531,Repertory Company High School for Theatre Arts,2,365.0,100.0,27.397260273972602,204
29Q492,"Mathematics, Science Research and Technology Magnet High School",29,782.0,146.0,27.25831202046036,205
19K502,FDNY - Captain Vernon A. Richard High School for Fire and Life Safety,19,745.0,141.0,26.685906040268456,206
11X513,New World High School,11,625.0,129.0,26.6256,207
09X568,Young Women's Leadership School of the Bronx,9,449.0,109.0,26.461024498886413,208
12X267,Bronx Latin,12,841.0,149.0,26.398335315101072,209
02M135,The Urban Assembly Early College High School for Emergency Medicine,2,510.0,116.0,26.384313725490195,210
24Q236,International High School for Health Sciences,24,485.0,112.0,25.863917525773196,211
02M449,Vanguard High School,2,701.0,134.0,25.614835948644792,212
10X264,Bronx Academy for Software Engineering (BASE),10,1199.0,175.0,25.54211843202669,213
01M515,Lower East Side Preparatory High School,1,317.0,89.0,24.98738170347003,214
09X241,"Urban Assembly School for Applied Math and Science, The",9,561.0,117.0,24.40106951871658,215
02M298,Pace High School,2,1172.0,169.0,24.369453924914676,216
19K583,Multicultural High School,19,320.0,88.0,24.2,217
19K639,Brooklyn Lab School,19,980.0,152.0,23.57551020408163,218
27Q309,Academy of Medical Technology: A College Board School,27,626.0,120.0,23.003194888178914,219
19K507,Performing Arts and Technology High School,19,1103.0,157.0,22.347234814143246,220
10X228,Jonas Bronck Academy,10,372.0,91.0,22.260752688172044,221
32K552,The Academy of Urban Planning and Engineering,32,737.0,128.0,22.230664857530527,222
09X227,Bronx Collegiate Academy,9,1201.0,163.0,22.122398001665278,223
29Q326,Cambria Heights Academy,29,581.0,113.0,21.9776247848537,224
25Q241,Queens High School for Language Studies,25,371.0,90.0,21.83288409703504,225
08X376,Antonia Pantoja Preparatory Academy: A College Board School,8,308.0,82.0,21.83116883116883,226
15K464,Park Slope Collegiate,15,613.0,115.0,21.5742251223491,227
02M438,International High School at Union Square,2,501.0,103.0,21.17564870259481,228
28Q690,High School for Law Enforcement and Public Safety,28,396.0,91.0,20.911616161616163,229
03M415,Wadleigh Secondary School for the Performing & Visual Arts,3,826.0,130.0,20.46004842615012,230
08X530,Longwood Preparatory Academy,8,649.0,115.0,20.377503852080125,231
32K556,Bushwick Leaders High School for Academic Excellence,32,768.0,125.0,20.345052083333332,232
12X271,East Bronx Academy for the Future,12,464.0,97.0,20.27801724137931,233
29Q313,Benjamin Franklin High School for Finance & Information Technology,29,735.0,122.0,20.250340136054422,234
10X243,West Bronx Academy for the Future,10,917.0,136.0,20.170119956379498,235
08X293,Renaissance High School for Musical Theater and the Arts,8,660.0,115.0,20.03787878787879,236
20K609,Urban Assembly School for Leadership and Empowerment,20,278.0,74.0,19.697841726618705,237
18K617,High School for Innovation in Advertising and Media,18,522.0,101.0,19.542145593869733,238
27Q351,Rockaway Collegiate High School,27,258.0,71.0,19.53875968992248,239
15K429,Digital Arts and Cinema Technology High School,15,579.0,105.0,19.041450777202073,240
14K454,The Williamsburg High School of Art and Technology,14,893.0,129.0,18.634938409854424,241
13K483,The Urban Assembly School for Law and Justice,13,593.0,105.0,18.591905564924115,242
07X522,Bronx Design and Construction Academy,7,677.0,112.0,18.528803545051698,243
11X275,High School of Computers and Technology,11,715.0,115.0,18.496503496503497,244
17K382,Academy for College Preparation and Career Exploration: A College Board School,17,837.0,124.0,18.37037037037037,245
02M580,Richard R. Green High School of Teaching,2,1291.0,154.0,18.370255615801703,246
17K122,Pathways in Technology Early College High School (P-Tech),17,712.0,114.0,18.252808988764045,247
13K412,Brooklyn Community Arts & Media High School (BCAM),13,702.0,113.0,18.18945868945869,248
01M292,Orchard Collegiate Academy,1,280.0,71.0,18.00357142857143,249
06M462,The College Academy,6,814.0,121.0,17.986486486486488,250
02M303,"Facing History School, The",2,421.0,87.0,17.978622327790973,251
02M139,Stephen T. Mather Building Arts & Craftsmanship High School,2,432.0,88.0,17.925925925925927,252
14K071,Juan Morel Campos Secondary School,14,341.0,78.0,17.841642228739,253
06M468,High School for Health Careers and Sciences,6,822.0,121.0,17.811435523114355,254
21K337,International High School at Lafayette,21,327.0,76.0,17.66360856269113,255
23K493,Brooklyn Collegiate: A College Board School,23,727.0,113.0,17.563961485557083,256
10X213,Bronx Engineering and Technology Academy,10,754.0,115.0,17.539787798408486,257
25Q240,Veritas Academy,25,526.0,96.0,17.520912547528518,258
09X252,Mott Hall Bronx High School,9,1138.0,141.0,17.4701230228471,259
14K478,"The High School for Enterprise, Business and Technology",14,1197.0,144.0,17.32330827067669,260
02M615,Chelsea Career and Technical Education High School,2,821.0,118.0,16.959805115712545,261
03M494,High School of Arts and Technology,3,1037.0,132.0,16.8023143683703,262
12X388,Pan American International High School at Monroe,12,310.0,71.0,16.261290322580646,263
02M374,Gramercy Arts High School,2,1038.0,129.0,16.03179190751445,264
11X545,Bronx Aerospace High School,11,751.0,109.0,15.820239680426099,265
09X324,Bronx Early College Academy for Teaching & Learning,9,549.0,93.0,15.754098360655737,266
17K745,Brooklyn Institute for Liberal Arts,17,761.0,109.0,15.612352168199736,267
03M307,"Urban Assembly School for Media Studies, The",3,328.0,71.0,15.36890243902439,268
08X432,Bronx Bridges High School,8,454.0,83.0,15.174008810572687,269
29Q243,Institute for Health Professions at Cambria Heights,29,416.0,79.0,15.002403846153847,270
05M670,Thurgood Marshall Academy for Learning and Social Change,5,340.0,71.0,14.826470588235294,271
18K633,High School for Medical Professions,18,666.0,99.0,14.716216216216216,272
30Q417,Gotham Tech High School,30,631.0,96.0,14.605388272583202,273
21K348,High School of Sports Management,21,386.0,75.0,14.572538860103627,274
29Q272,George Washington Carver High School for the Sciences,29,590.0,92.0,14.345762711864406,275
08X558,Westchester Square Academy,8,788.0,106.0,14.258883248730964,276
15K448,Brooklyn Collaborative Studies,15,693.0,99.0,14.142857142857142,277
06M467,High School for Law and Public Service,6,643.0,95.0,14.035769828926906,278
17K408,Academy of Hospitality and Tourism,17,571.0,89.0,13.87215411558669,279
32K168,The Brooklyn School for Math and Research,32,710.0,99.0,13.804225352112676,280
17K537,High School for Youth and Community Development at Erasmus,17,488.0,82.0,13.778688524590164,281
12X682,Fannie Lou Hamer Freedom High School,12,388.0,73.0,13.734536082474227,282
07X625,Bronx Legacy High School,7,690.0,97.0,13.63623188405797,283
13K419,"Science Skills Center High School for Science, Technology and the Creative Arts",13,909.0,111.0,13.554455445544555,284
02M280,Manhattan Early College School for Advertising,2,572.0,88.0,13.538461538461538,285
02M427,Manhattan Academy For Arts & Language,2,389.0,72.0,13.326478149100257,286
08X367,"Archimedes Academy for Math, Science and Technology Applications",8,427.0,75.0,13.173302107728338,287
14K474,PROGRESS High School for Professional Careers,14,506.0,81.0,12.966403162055336,288
11X514,The Bronxwood Preparatory Academy,11,668.0,93.0,12.947604790419161,289
28Q325,Hillside Arts & Letters Academy,28,520.0,82.0,12.930769230769231,290
19K683,School for Classics High School,19,229.0,54.0,12.733624454148472,291
19K659,Cypress Hills Collegiate Preparatory School,19,581.0,86.0,12.729776247848537,292
10X549,Discovery High School,10,716.0,95.0,12.604748603351956,293
29Q283,Preparatory Academy for Writers: A College Board School,29,177.0,47.0,12.480225988700566,294
14K477,East Williamsburg Scholars Academy,14,650.0,90.0,12.461538461538462,295
13K439,Brooklyn International High School,13,409.0,71.0,12.32518337408313,296
13K527,Urban Assembly Institute of Math and Science for Young Women,13,237.0,54.0,12.30379746835443,297
02M529,Jacqueline Kennedy Onassis High School,2,534.0,81.0,12.286516853932584,298
10X225,Theatre Arts Production Company School,10,633.0,88.0,12.233807266982623,299
18K576,Victory Collegiate High School,18,305.0,61.0,12.2,300
13K963,Design Works High School,13,607.0,86.0,12.184514003294893,301
02M655,The High School for Climate Justice,2,298.0,60.0,12.080536912751677,302
32K545,EBC High School for Public Service - Bushwick,32,467.0,75.0,12.044967880085654,303
19K764,The Urban Assembly School for Collaborative Healthcare,19,419.0,71.0,12.031026252983294,304
02M534,Harvest Collegiate High School,2,1116.0,115.0,11.850358422939069,305
02M605,Humanities Preparatory Academy,2,861.0,101.0,11.847851335656214,306
07X527,Bronx Leadership Academy II High School,7,911.0,103.0,11.645444566410537,307
18K637,Academy for Conservation and the Environment,18,727.0,92.0,11.642365887207703,308
09X297,Morris Academy for Collaborative Studies,9,568.0,80.0,11.267605633802816,309
09X525,Bronx Leadership Academy High School,9,1027.0,107.0,11.148003894839338,310
17K524,International High School at Prospect Heights,17,338.0,61.0,11.00887573964497,311
23K514,Frederick Douglass Academy VII High School,23,532.0,76.0,10.857142857142858,312
10X433,High School for Teaching and the Professions,10,344.0,61.0,10.81686046511628,313
03M403,The Global Learning Collaborative,3,754.0,90.0,10.742705570291777,314
12X684,Wings Academy,12,370.0,63.0,10.727027027027027,315
09X250,Eximius College Preparatory Academy: A College Board School,9,761.0,90.0,10.64388961892247,316
17K548,Brooklyn School for Music & Theatre,17,522.0,74.0,10.490421455938698,317
11X509,High School of Language and Innovation,11,299.0,56.0,10.488294314381271,318
27Q260,Frederick Douglass Academy VI High School,27,482.0,71.0,10.45850622406639,319
02M432,Murray Hill Academy,2,558.0,76.0,10.35125448028674,320
13K594,Gotham Professional Arts Academy,13,364.0,61.0,10.222527472527473,321
24Q267,High School of Applied Communication,24,557.0,75.0,10.098743267504489,322
29Q248,Queens Preparatory Academy,29,383.0,62.0,10.036553524804178,323
28Q310,Queens Collegiate: A College Board School,28,453.0,67.0,9.909492273730685,324
12X521,The Metropolitan Soundview High School,12,453.0,67.0,9.909492273730685,324
02M305,"Urban Assembly Academy of Government and Law, The",2,573.0,75.0,9.81675392670157,326
03M860,Frederick Douglass Academy II Secondary School,3,309.0,55.0,9.789644012944985,327
29Q265,Excelsior Preparatory High School,29,353.0,58.0,9.529745042492918,328
02M047,47 The American Sign Language and English Secondary School,2,318.0,55.0,9.5125786163522,329
08X561,Bronx Compass High School,8,520.0,70.0,9.423076923076923,330
02M308,Lower Manhattan Arts Academy,2,524.0,69.0,9.085877862595419,331
11X290,Bronx Academy of Health Careers,11,897.0,90.0,9.03010033444816,332
19K404,Academy for Young Writers,19,559.0,71.0,9.01788908765653,333
32K403,Academy for Excellence in Leadership,32,653.0,76.0,8.845329249617151,334
14K614,Young Women's Leadership School of Brooklyn,14,251.0,47.0,8.800796812749004,335
18K629,Cultural Academy for the Arts and Sciences,18,567.0,70.0,8.641975308641975,336
08X636,Virtual Innovators Academy,8,113.0,31.0,8.504424778761061,337
02M500,Unity Center for Urban Technologies,2,274.0,48.0,8.408759124087592,338
18K642,Urban Action Academy,18,231.0,44.0,8.380952380952381,339
07X473,Mott Haven Village Preparatory High School,7,460.0,62.0,8.356521739130434,340
18K566,Brooklyn Community High School for Excellence and Equity,18,448.0,61.0,8.305803571428571,341
05M148,Eagle Academy for Young Men of Harlem,5,257.0,46.0,8.233463035019454,342
13K265,Dr. Susan S. McKinney Secondary School of the Arts,13,362.0,54.0,8.05524861878453,343
15K519,Cobble Hill School of American Studies,15,481.0,62.0,7.991683991683992,344
07X334,International Community High School,7,210.0,40.0,7.619047619047619,345
08X452,Gotham Collaborative High School,8,343.0,51.0,7.5830903790087465,346
17K547,Brooklyn Academy of Science and the Environment,17,373.0,53.0,7.53083109919571,347
04M680,"Heritage School, The",4,482.0,60.0,7.468879668049793,348
06M463,High School for Media and Communications,6,505.0,61.0,7.368316831683169,349
19K422,Spring Creek Community School,19,341.0,50.0,7.331378299120234,350
02M395,A School Without Walls,2,178.0,36.0,7.280898876404494,351
05M369,Urban Assembly School for the Performing Arts,5,372.0,52.0,7.268817204301075,352
17K546,High School for Public Service: Heroes of Tomorrow,17,656.0,69.0,7.257621951219512,353
17K751,Academy for Health Careers,17,715.0,72.0,7.2503496503496505,354
31R028,The Eagle Academy for Young Men of Staten Island,31,94.0,26.0,7.191489361702128,355
10X524,Crotona International High School,10,309.0,47.0,7.148867313915858,356
16K688,The Brooklyn Academy of Global Finance,16,469.0,56.0,6.686567164179104,357
07X551,The Urban Assembly Bronx Academy of Letters,7,309.0,45.0,6.553398058252427,358
23K697,Teachers Preparatory High School,23,187.0,35.0,6.550802139037433,359
02M437,Hudson High School of Learning Technologies,2,353.0,48.0,6.526912181303116,360
02M520,Murry Bergtraum High School for Business Careers,2,222.0,38.0,6.504504504504505,361
16K455,Boys and Girls High School,16,712.0,68.0,6.49438202247191,362
10X237,"The Marie Curie High School for Medicine, Nursing, and Health Professions",10,334.0,46.0,6.335329341317365,363
12X550,High School of World Cultures,12,380.0,49.0,6.318421052631579,364
09X329,DreamYard Preparatory School,9,522.0,57.0,6.224137931034483,365
05M304,Mott Hall High School,5,455.0,53.0,6.173626373626374,366
09X564,Claremont International HS,9,412.0,50.0,6.067961165048544,367
10X284,Bronx School of Law and Finance,10,558.0,58.0,6.028673835125448,368
14K586,Lyons Community School,14,174.0,32.0,5.885057471264368,369
11X265,Bronx Lab School,11,381.0,47.0,5.797900262467191,370
17K528,The High School for Global Citizenship,17,524.0,55.0,5.772900763358779,371
09X412,Bronx High School of Business,9,765.0,66.0,5.694117647058824,372
13K350,Urban Assembly School of Music and Art,13,494.0,52.0,5.473684210526316,373
09X403,Bronx International High School,9,537.0,54.0,5.430167597765363,374
02M300,"Urban Assembly School of Design and Construction, The",2,346.0,43.0,5.34393063583815,375
32K549,The Brooklyn School for Social Justice,32,425.0,47.0,5.197647058823529,376
10X565,High School for Energy and Technology,10,503.0,51.0,5.170974155069582,377
11X544,High School for Contemporary Arts,11,607.0,55.0,4.983525535420099,378
12X446,Arturo A. Schomburg Satellite Academy Bronx,12,222.0,33.0,4.905405405405405,379
10X546,Bronx Theatre High School,10,414.0,45.0,4.891304347826087,380
12X248,"Metropolitan High School, The",12,228.0,33.0,4.776315789473684,381
07X427,Community School for Social Justice,7,229.0,33.0,4.755458515283843,382
08X320,Pelham Lab High School,8,514.0,49.0,4.671206225680934,383
14K685,El Puente Academy for Peace and Justice,14,134.0,25.0,4.664179104477612,384
07X670,Health Opportunities High School,7,477.0,47.0,4.631027253668763,385
02M296,High School of Hospitality Management,2,269.0,35.0,4.553903345724907,386
18K567,Brooklyn Theatre Arts High School,18,352.0,39.0,4.3210227272727275,387
08X282,Women's Academy of Excellence,8,172.0,27.0,4.238372093023256,388
12X511,Bronx Envision Academy,12,459.0,44.0,4.2178649237472765,389
17K539,High School for Service & Learning at Erasmus,17,296.0,35.0,4.138513513513513,390
09X263,Validus Preparatory Academy,9,264.0,33.0,4.125,391
02M422,Quest to Learn,2,177.0,27.0,4.11864406779661,392
27Q324,Rockaway Park High School for Environmental Sustainability,27,164.0,25.0,3.8109756097560976,393
10X351,Bronx Collaborative High School,10,582.0,47.0,3.79553264604811,394
15K592,Khalil Gibran International Academy,15,101.0,19.0,3.5742574257425743,395
15K463,Cyberarts Studio Academy,15,256.0,30.0,3.515625,396
02M399,The High School For Language And Diplomacy,2,385.0,36.0,3.366233766233766,397
02M425,Leadership and Public Service High School,2,387.0,36.0,3.3488372093023258,398
05M157,The Urban Assembly School for Global Commerce,5,207.0,26.0,3.2657004830917873,399
12X251,Explorations Academy H.S.,12,476.0,39.0,3.1953781512605044,400
08X348,Schuylerville Preparatory High School,8,286.0,30.0,3.1468531468531467,401
19K953,The East New York Arts and Civics High School,19,169.0,23.0,3.1301775147928996,402
18K569,Kurt Hahn Expeditionary Learning School,18,141.0,21.0,3.127659574468085,403
03M402,The Urban Assembly School for Green Careers,3,494.0,39.0,3.0789473684210527,404
21K559,Life Academy High School for Film and Music,21,145.0,21.0,3.0413793103448277,405
09X517,Frederick Douglass Academy III Secondary School,9,404.0,35.0,3.032178217821782,406
02M419,Landmark High School,2,457.0,37.0,2.9956236323851204,407
02M313,"James Baldwin School, The: A School for Expeditionary Learning",2,71.0,14.0,2.76056338028169,408
02M394,Emma Lazarus High School,2,134.0,19.0,2.6940298507462686,409
02M550,Liberty High School Academy for Newcomers,2,99.0,16.0,2.585858585858586,410
16K765,Nelson Mandela High School,16,250.0,25.0,2.5,411
12X479,Bronx Career and College Preparatory High School,12,321.0,28.0,2.4423676012461057,412
09X543,High School for Violin and Dance,9,149.0,19.0,2.422818791946309,413
01M458,Forsyth Satellite Academy,1,60.0,12.0,2.4,414
19K510,World Academy for Total Community Health High School,19,417.0,29.0,2.016786570743405,415
02M316,"Urban Assembly School of Business for Young Women, the",2,165.0,17.0,1.7515151515151515,416
18K563,It Takes a Village Academy,18,353.0,23.0,1.498583569405099,417
03M299,The Maxine Greene HS for Imaginative Inquiry,3,77.0,10.0,1.2987012987012987,418
09X404,School for Excellence,9,134.0,13.0,1.2611940298507462,419
09X350,New Directions Secondary School,9,72.0,9.0,1.125,420
10X268,Kingsbridge International High School,10,206.0,15.0,1.0922330097087378,421
02M586,Harvey Milk High School,2,40.0,1.0,0.025,422
