school,mean_rank,rank_variance,num_languages,min_rank,max_rank,School DBN,School Name
07X334,234.0,19095.333333333332,7,24.0,415.0,07X334,International Community High School
15K592,217.42857142857142,18122.285714285714,7,40.0,397.0,15K592,Khalil Gibran International Academy
12X251,181.57142857142858,17927.61904761905,7,53.0,380.0,12X251,Explorations Academy H.S.
18K567,228.57142857142858,17582.61904761905,7,84.0,415.0,18K567,Brooklyn Theatre Arts High School
19K510,223.28571428571428,17262.904761904763,7,128.0,422.0,19K510,World Academy for Total Community Health High School
08X282,208.14285714285714,16946.809523809523,7,86.0,412.0,08X282,Women's Academy of Excellence
12X479,227.42857142857142,16551.61904761905,7,24.0,385.0,12X479,Bronx Career and College Preparatory High School
20K609,179.57142857142858,16355.285714285716,7,28.0,381.0,20K609,Urban Assembly School for Leadership and Empowerment
02M475,249.71428571428572,15726.57142857143,7,135.0,423.0,02M475,Stuyvesant High School
14K449,249.71428571428572,15726.57142857143,7,135.0,423.0,14K449,"Brooklyn Latin School, The"
28Q687,249.71428571428572,15726.57142857143,7,135.0,423.0,28Q687,Queens High School for the Sciences at York College
10X696,249.71428571428572,15726.57142857143,7,135.0,423.0,10X696,High School of American Studies at Lehman College
03M485,249.71428571428572,15726.57142857143,7,135.0,423.0,03M485,Fiorello H. LaGuardia High School of Music & Art and Performing Arts
10X445,249.71428571428572,15726.57142857143,7,135.0,423.0,10X445,The Bronx High School of Science
05M692,249.71428571428572,15726.57142857143,7,135.0,423.0,05M692,"High School for Mathematics, Science and Engineering at City College"
13K430,249.71428571428572,15726.57142857143,7,135.0,423.0,13K430,Brooklyn Technical High School
31R605,249.71428571428572,15726.57142857143,7,135.0,423.0,31R605,Staten Island Technical High School
02M438,182.14285714285714,15085.809523809521,7,24.0,416.0,02M438,International High School at Union Square
02M545,157.85714285714286,14480.142857142855,7,19.0,349.0,02M545,High School for Dual Language and Asian Studies
10X565,204.71428571428572,14441.238095238094,7,24.0,362.0,10X565,High School for Energy and Technology
09X263,220.42857142857142,14208.619047619048,7,24.0,364.0,09X263,Validus Preparatory Academy
25Q263,166.42857142857142,14158.285714285712,7,46.0,388.0,25Q263,Flushing International High School
18K563,240.14285714285714,13578.142857142857,7,144.0,407.0,18K563,It Takes a Village Academy
10X351,193.85714285714286,13375.142857142857,7,84.0,375.0,10X351,Bronx Collaborative High School
02M316,252.71428571428572,13367.904761904763,7,144.0,416.0,02M316,"Urban Assembly School of Business for Young Women, the"
09X350,253.14285714285714,13319.47619047619,7,144.0,413.0,09X350,New Directions Secondary School
02M394,230.14285714285714,13242.142857142855,7,81.0,411.0,02M394,Emma Lazarus High School
09X543,252.57142857142858,13082.285714285716,7,145.0,413.0,09X543,High School for Violin and Dance
27Q324,252.42857142857142,13018.285714285716,7,145.0,408.0,27Q324,Rockaway Park High School for Environmental Sustainability
02M399,231.14285714285714,12991.142857142857,7,81.0,378.0,02M399,The High School For Language And Diplomacy
09X404,252.42857142857142,12986.952380952382,7,145.0,413.0,09X404,School for Excellence
11X509,194.14285714285714,12980.476190476189,7,52.0,417.0,11X509,High School of Language and Innovation
10X268,251.28571428571428,12902.238095238097,7,144.0,418.0,10X268,Kingsbridge International High School
18K576,204.57142857142858,12842.285714285716,7,56.0,402.0,18K576,Victory Collegiate High School
02M425,235.71428571428572,12819.238095238094,7,90.0,383.0,02M425,Leadership and Public Service High School
25Q241,185.14285714285714,12747.809523809525,7,36.0,321.0,25Q241,Queens High School for Language Studies
02M586,251.42857142857142,12713.619047619048,7,145.0,410.0,02M586,Harvey Milk High School
19K953,251.28571428571428,12666.904761904763,7,145.0,405.0,19K953,The East New York Arts and Civics High School
19K583,251.14285714285714,12647.809523809521,7,145.0,412.0,19K583,Multicultural High School
09X517,232.14285714285714,12422.142857142855,7,77.0,373.0,09X517,Frederick Douglass Academy III Secondary School
18K569,249.85714285714286,12286.809523809521,7,144.0,403.0,18K569,Kurt Hahn Expeditionary Learning School
16K688,182.71428571428572,12280.904761904761,7,74.0,350.0,16K688,The Brooklyn Academy of Global Finance
04M680,187.14285714285714,12231.142857142857,7,24.0,323.0,04M680,"Heritage School, The"
08X636,250.28571428571428,12216.571428571428,7,145.0,399.0,08X636,Virtual Innovators Academy
02M550,250.0,12208.0,7,145.0,409.0,02M550,Liberty High School Academy for Newcomers
23K514,171.57142857142858,12154.619047619048,7,24.0,366.0,23K514,Frederick Douglass Academy VII High School
31R028,248.42857142857142,11874.285714285712,7,144.0,396.0,31R028,The Eagle Academy for Young Men of Staten Island
01M458,248.57142857142858,11767.285714285716,7,145.0,397.0,01M458,Forsyth Satellite Academy
02M313,248.71428571428572,11763.571428571428,7,145.0,394.0,02M313,"James Baldwin School, The: A School for Expeditionary Learning"
13K350,223.71428571428572,11664.904761904763,7,74.0,382.0,13K350,Urban Assembly School of Music and Art
08X348,244.0,11625.333333333334,7,145.0,419.0,08X348,Schuylerville Preparatory High School
13K439,167.42857142857142,11531.619047619046,7,73.0,395.0,13K439,Brooklyn International High School
23K644,205.85714285714286,11496.809523809525,7,83.0,407.0,23K644,Eagle Academy for Young Men II
12X511,225.0,11443.0,7,65.0,359.0,12X511,Bronx Envision Academy
08X452,187.71428571428572,11424.57142857143,7,86.0,369.0,08X452,Gotham Collaborative High School
15K463,225.0,11327.0,7,81.0,382.0,15K463,Cyberarts Studio Academy
07X670,210.71428571428572,10981.238095238097,7,84.0,356.0,07X670,Health Opportunities High School
03M299,245.28571428571428,10969.238095238097,7,145.0,414.0,03M299,The Maxine Greene HS for Imaginative Inquiry
17K539,245.28571428571428,10957.238095238097,7,144.0,408.0,17K539,High School for Service & Learning at Erasmus
08X558,195.28571428571428,10778.57142857143,7,24.0,364.0,08X558,Westchester Square Academy
09X412,203.85714285714286,10747.142857142857,7,86.0,357.0,09X412,Bronx High School of Business
06M552,196.71428571428572,10715.238095238094,7,51.0,372.0,06M552,Gregorio Luperon High School for Science and Mathematics
13K527,189.42857142857142,10712.619047619048,7,104.0,404.0,13K527,Urban Assembly Institute of Math and Science for Young Women
17K547,209.0,10518.666666666666,7,108.0,365.0,17K547,Brooklyn Academy of Science and the Environment
17K751,202.57142857142858,10464.285714285716,7,85.0,374.0,17K751,Academy for Health Careers
17K382,172.57142857142858,10461.952380952382,7,24.0,320.0,17K382,Academy for College Preparation and Career Exploration: A College Board School
16K765,244.14285714285714,10371.476190476189,7,144.0,379.0,16K765,Nelson Mandela High School
29Q327,209.71428571428572,10213.238095238094,7,112.0,404.0,29Q327,Eagle Academy for Young Men III
19K422,225.14285714285714,10209.142857142857,7,145.0,418.0,19K422,Spring Creek Community School
32K549,204.28571428571428,10175.904761904761,7,84.0,386.0,32K549,The Brooklyn School for Social Justice
16K455,218.85714285714286,10045.809523809525,7,124.0,380.0,16K455,Boys and Girls High School
08X320,222.28571428571428,10020.904761904761,7,144.0,384.0,08X320,Pelham Lab High School
09X403,197.42857142857142,10016.952380952382,7,104.0,371.0,09X403,Bronx International High School
09X365,229.57142857142858,9898.952380952382,7,145.0,429.0,,
02M542,229.57142857142858,9898.952380952382,7,145.0,429.0,,
24Q296,229.57142857142858,9898.952380952382,7,145.0,429.0,,
10X342,229.42857142857142,9832.619047619048,7,145.0,428.0,10X342,International School for Liberal Arts
17K546,228.14285714285714,9819.142857142857,7,144.0,421.0,17K546,High School for Public Service: Heroes of Tomorrow
17K524,202.57142857142858,9643.285714285714,7,124.0,402.0,17K524,International High School at Prospect Heights
17K528,218.42857142857142,9632.952380952382,7,124.0,354.0,17K528,The High School for Global Citizenship
05M157,241.14285714285714,9603.142857142857,7,144.0,369.0,05M157,The Urban Assembly School for Global Commerce
02M520,238.0,9599.0,7,145.0,411.0,02M520,Murry Bergtraum High School for Business Careers
02M395,239.85714285714286,9588.142857142857,7,145.0,402.0,02M395,A School Without Walls
18K629,233.85714285714286,9569.142857142857,7,144.0,420.0,18K629,Cultural Academy for the Arts and Sciences
11X544,225.71428571428572,9550.904761904761,7,145.0,388.0,11X544,High School for Contemporary Arts
21K337,184.71428571428572,9539.238095238095,7,81.0,376.0,21K337,International High School at Lafayette
19K404,197.0,9517.0,7,84.0,381.0,19K404,Academy for Young Writers
21K559,240.57142857142858,9480.619047619048,7,145.0,385.0,21K559,Life Academy High School for Film and Music
03M402,240.85714285714286,9375.142857142857,7,144.0,377.0,03M402,The Urban Assembly School for Green Careers
09X564,221.14285714285714,9355.47619047619,7,103.0,397.0,09X564,Claremont International HS
29Q243,219.42857142857142,9284.95238095238,7,144.0,417.0,29Q243,Institute for Health Professions at Cambria Heights
08X432,181.85714285714286,9233.809523809525,7,54.0,361.0,08X432,Bronx Bridges High School
01M515,175.42857142857142,9124.952380952383,7,73.0,315.0,01M515,Lower East Side Preparatory High School
02M419,239.0,9098.333333333334,7,144.0,384.0,02M419,Landmark High School
02M427,209.28571428571428,9081.57142857143,7,123.0,391.0,02M427,Manhattan Academy For Arts & Language
05M148,234.0,9011.0,7,144.0,410.0,05M148,Eagle Academy for Young Men of Harlem
17K122,176.57142857142858,8993.952380952382,7,86.0,379.0,17K122,Pathways in Technology Early College High School (P-Tech)
11X265,195.85714285714286,8952.809523809525,7,124.0,342.0,11X265,Bronx Lab School
18K637,199.42857142857142,8868.952380952382,7,86.0,367.0,18K637,Academy for Conservation and the Environment
02M534,188.71428571428572,8837.238095238095,7,77.0,298.0,02M534,Harvest Collegiate High School
09X324,186.28571428571428,8824.238095238095,7,24.0,311.0,09X324,Bronx Early College Academy for Teaching & Learning
18K642,222.28571428571428,8631.904761904761,7,144.0,395.0,18K642,Urban Action Academy
11X514,192.28571428571428,8616.904761904761,7,24.0,314.0,11X514,The Bronxwood Preparatory Academy
14K614,204.85714285714286,8599.142857142859,7,86.0,325.0,14K614,Young Women's Leadership School of Brooklyn
12X388,197.0,8523.333333333334,7,133.0,383.0,12X388,Pan American International High School at Monroe
12X550,194.42857142857142,8496.95238095238,7,141.0,394.0,12X550,High School of World Cultures
03M403,177.57142857142858,8441.95238095238,7,53.0,301.0,03M403,The Global Learning Collaborative
06M463,200.0,8390.666666666666,7,84.0,353.0,06M463,High School for Media and Communications
15K519,191.0,8340.666666666666,7,102.0,337.0,15K519,Cobble Hill School of American Studies
07X427,235.0,8319.666666666666,7,144.0,387.0,07X427,Community School for Social Justice
18K633,198.42857142857142,8229.619047619048,7,104.0,376.0,18K633,High School for Medical Professions
19K683,190.28571428571428,8145.904761904762,7,48.0,309.0,19K683,School for Classics High School
02M308,216.57142857142858,8087.619047619047,7,90.0,329.0,02M308,Lower Manhattan Arts Academy
31R455,80.0,8047.666666666667,7,10.0,241.0,31R455,Tottenville High School
02M500,212.28571428571428,8032.5714285714275,7,124.0,345.0,02M500,Unity Center for Urban Technologies
02M296,234.71428571428572,7916.2380952380945,7,144.0,368.0,02M296,High School of Hospitality Management
10X546,235.57142857142858,7915.619047619047,7,144.0,358.0,10X546,Bronx Theatre High School
02M407,145.14285714285714,7901.476190476191,7,74.0,282.0,02M407,Institute for Collaborative Education
29Q248,185.71428571428572,7819.2380952380945,7,102.0,332.0,29Q248,Queens Preparatory Academy
14K685,234.57142857142858,7788.952380952381,7,145.0,363.0,14K685,El Puente Academy for Peace and Justice
05M369,230.85714285714286,7751.809523809524,7,144.0,387.0,05M369,Urban Assembly School for the Performing Arts
28Q310,210.14285714285714,7745.476190476191,7,73.0,321.0,28Q310,Queens Collegiate: A College Board School
12X446,234.85714285714286,7716.142857142858,7,145.0,355.0,12X446,Arturo A. Schomburg Satellite Academy Bronx
14K586,234.42857142857142,7675.952380952382,7,144.0,357.0,14K586,Lyons Community School
30Q555,163.57142857142858,7669.952380952382,7,57.0,335.0,30Q555,Newcomers High School
10X524,222.85714285714286,7538.476190476191,7,144.0,390.0,10X524,Crotona International High School
05M304,234.14285714285714,7535.809523809524,7,144.0,352.0,05M304,Mott Hall High School
02M543,163.42857142857142,7526.952380952379,7,24.0,259.0,02M543,New Design High School
13K412,205.14285714285714,7494.476190476191,7,97.0,353.0,13K412,Brooklyn Community Arts & Media High School (BCAM)
18K566,220.42857142857142,7485.619047619047,7,144.0,363.0,18K566,Brooklyn Community High School for Excellence and Equity
09X327,145.71428571428572,7469.904761904763,7,24.0,259.0,09X327,Comprehensive Model School Project M.S. 327
07X551,232.0,7452.666666666667,7,144.0,372.0,07X551,The Urban Assembly Bronx Academy of Letters
09X525,182.85714285714286,7399.476190476191,7,65.0,293.0,09X525,Bronx Leadership Academy High School
07X527,208.42857142857142,7397.285714285715,7,65.0,302.0,07X527,Bronx Leadership Academy II High School
12X248,231.42857142857142,7392.619047619049,7,144.0,370.0,12X248,"Metropolitan High School, The"
24Q236,162.42857142857142,7364.952380952381,7,73.0,336.0,24Q236,International High School for Health Sciences
21K348,201.14285714285714,7298.809523809524,7,104.0,328.0,21K348,High School of Sports Management
28Q680,98.85714285714286,7298.476190476191,7,15.0,234.0,28Q680,Queens Gateway to Health Sciences Secondary School
02M300,231.85714285714286,7266.809523809523,7,144.0,362.0,02M300,"Urban Assembly School of Design and Construction, The"
02M422,231.0,7232.666666666667,7,144.0,366.0,02M422,Quest to Learn
17K590,143.85714285714286,7229.142857142858,7,39.0,268.0,17K590,Medgar Evers College Preparatory School
17K543,177.14285714285714,7223.476190476191,7,110.0,340.0,17K543,"Science, Technology and Research Early College High School at Erasmus"
31R064,115.14285714285714,7194.47619047619,7,48.0,242.0,31R064,Gaynor McCown Expeditionary Learning School
02M459,166.71428571428572,7186.571428571428,7,77.0,334.0,02M459,Manhattan International High School
25Q281,128.85714285714286,7165.142857142856,7,17.0,259.0,25Q281,East-West School of International Studies
28Q896,155.71428571428572,7159.57142857143,7,36.0,312.0,28Q896,"Young Women's Leadership School, Queens"
13K419,193.71428571428572,7114.904761904762,7,127.0,343.0,13K419,"Science Skills Center High School for Science, Technology and the Creative Arts"
02M305,189.57142857142858,7101.285714285714,7,97.0,295.0,02M305,"Urban Assembly Academy of Government and Law, The"
13K594,228.14285714285714,7092.142857142858,7,145.0,375.0,13K594,Gotham Professional Arts Academy
13K265,228.14285714285714,6946.809523809524,7,145.0,371.0,13K265,Dr. Susan S. McKinney Secondary School of the Arts
06M467,186.42857142857142,6918.952380952381,7,102.0,350.0,06M467,High School for Law and Public Service
21K344,184.42857142857142,6888.952380952382,7,73.0,334.0,21K344,Rachel Carson High School for Coastal Studies
10X549,191.28571428571428,6790.238095238095,7,104.0,344.0,10X549,Discovery High School
09X329,230.28571428571428,6694.238095238095,7,144.0,348.0,09X329,DreamYard Preparatory School
06M468,173.14285714285714,6667.809523809524,7,86.0,338.0,06M468,High School for Health Careers and Sciences
11X513,149.0,6665.333333333333,7,59.0,312.0,11X513,New World High School
16K498,108.71428571428571,6665.2380952380945,7,43.0,271.0,16K498,Brooklyn High School for Law and Technology
10X284,228.28571428571428,6662.57142857143,7,144.0,360.0,10X284,Bronx School of Law and Finance
29Q313,144.42857142857142,6543.619047619049,7,73.0,276.0,29Q313,Benjamin Franklin High School for Finance & Information Technology
11X290,196.57142857142858,6519.619047619047,7,98.0,322.0,11X290,Bronx Academy of Health Careers
23K697,230.28571428571428,6516.57142857143,7,145.0,332.0,23K697,Teachers Preparatory High School
02M437,228.85714285714286,6411.142857142858,7,144.0,333.0,02M437,Hudson High School of Learning Technologies
02M288,152.85714285714286,6401.142857142858,7,24.0,259.0,02M288,Food and Finance High School
02M260,90.0,6400.0,7,3.0,214.0,02M260,The Clinton School
12X271,181.0,6399.666666666667,7,24.0,259.0,12X271,East Bronx Academy for the Future
24Q550,100.14285714285714,6337.142857142858,7,24.0,214.0,24Q550,High School for Arts and Business
02M432,212.71428571428572,6327.238095238095,7,144.0,317.0,02M432,Murray Hill Academy
14K477,186.71428571428572,6299.57142857143,7,102.0,340.0,14K477,East Williamsburg Scholars Academy
03M859,178.28571428571428,6271.238095238095,7,73.0,270.0,03M859,Special Music School
17K745,216.14285714285714,6267.142857142858,7,144.0,370.0,17K745,Brooklyn Institute for Liberal Arts
24Q267,196.28571428571428,6234.238095238095,7,128.0,354.0,24Q267,High School of Applied Communication
27Q260,223.71428571428572,6232.571428571428,7,144.0,361.0,27Q260,Frederick Douglass Academy VI High School
12X521,199.57142857142858,6227.619047619049,7,124.0,343.0,12X521,The Metropolitan Soundview High School
08X312,174.71428571428572,6223.571428571428,7,104.0,346.0,08X312,Millennium Art Academy
10X237,227.42857142857142,6217.619047619049,7,144.0,347.0,10X237,"The Marie Curie High School for Medicine, Nursing, and Health Professions"
02M280,193.71428571428572,6216.5714285714275,7,73.0,277.0,02M280,Manhattan Early College School for Advertising
23K493,200.42857142857142,6200.285714285715,7,141.0,351.0,23K493,Brooklyn Collegiate: A College Board School
13K963,222.71428571428572,6162.571428571428,7,144.0,360.0,13K963,Design Works High School
15K497,147.0,6109.333333333333,7,18.0,279.0,15K497,The Boerum Hill School for International Studies
09X297,205.71428571428572,6103.904761904761,7,77.0,280.0,09X297,Morris Academy for Collaborative Studies
02M519,106.0,6042.666666666667,7,24.0,259.0,02M519,Talent Unlimited High School
02M529,171.42857142857142,6029.952380952381,7,86.0,327.0,02M529,Jacqueline Kennedy Onassis High School
12X267,169.57142857142858,6012.952380952382,7,24.0,259.0,12X267,Bronx Latin
29Q265,224.14285714285714,5936.476190476191,7,144.0,352.0,29Q265,Excelsior Preparatory High School
09X260,96.85714285714286,5910.809523809523,7,20.0,240.0,09X260,Bronx Center for Science and Mathematics
12X684,196.85714285714286,5903.142857142858,7,102.0,296.0,12X684,Wings Academy
02M282,172.14285714285714,5891.809523809524,7,90.0,300.0,02M282,Urban Assembly Maker Academy
13K483,160.42857142857142,5848.952380952382,7,81.0,304.0,13K483,The Urban Assembly School for Law and Justice
02M439,71.42857142857143,5804.619047619047,7,22.0,242.0,02M439,Manhattan Village Academy
08X530,169.71428571428572,5792.571428571428,7,53.0,259.0,08X530,Longwood Preparatory Academy
02M408,150.57142857142858,5694.952380952381,7,63.0,259.0,02M408,Professional Performing Arts High School
02M533,119.42857142857143,5665.952380952382,7,24.0,247.0,02M533,Union Square Academy for Health Sciences
08X349,151.28571428571428,5661.571428571428,7,61.0,269.0,08X349,Bronx River High School
32K403,219.14285714285714,5657.142857142858,7,144.0,351.0,32K403,Academy for Excellence in Leadership
28Q325,190.0,5648.0,7,84.0,289.0,28Q325,Hillside Arts & Letters Academy
09X250,213.0,5605.666666666667,7,103.0,293.0,09X250,Eximius College Preparatory Academy: A College Board School
25Q285,161.28571428571428,5557.238095238095,7,56.0,259.0,25Q285,World Journalism Preparatory: A College Board School
31R080,153.85714285714286,5541.476190476192,7,57.0,242.0,31R080,The Michael J. Petrides School
08X561,206.71428571428572,5537.571428571428,7,144.0,338.0,08X561,Bronx Compass High School
27Q400,164.85714285714286,5509.142857142858,7,24.0,259.0,27Q400,August Martin High School
03M494,175.85714285714286,5460.142857142858,7,77.0,272.0,03M494,High School of Arts and Technology
25Q425,87.14285714285714,5456.142857142858,7,37.0,247.0,25Q425,John Bowne High School
02M615,167.71428571428572,5427.238095238095,7,97.0,259.0,02M615,Chelsea Career and Technical Education High School
10X213,146.57142857142858,5420.619047619048,7,24.0,251.0,10X213,Bronx Engineering and Technology Academy
07X473,224.71428571428572,5395.238095238095,7,144.0,316.0,07X473,Mott Haven Village Preparatory High School
11X270,169.14285714285714,5360.142857142857,7,86.0,322.0,11X270,Academy for Scholarship and Entrepreneurship: A College Board School
03M291,122.85714285714286,5349.809523809524,7,24.0,241.0,03M291,West End Secondary School
17K537,186.85714285714286,5347.142857142858,7,84.0,297.0,17K537,High School for Youth and Community Development at Erasmus
05M670,218.0,5344.666666666667,7,144.0,345.0,05M670,Thurgood Marshall Academy for Learning and Social Change
17K548,221.14285714285714,5335.476190476191,7,145.0,339.0,17K548,Brooklyn School for Music & Theatre
30Q450,140.14285714285714,5328.142857142856,7,42.0,244.0,30Q450,Long Island City High School
13K670,150.42857142857142,5293.952380952382,7,53.0,249.0,13K670,Benjamin Banneker Academy
31R445,145.85714285714286,5213.809523809525,7,61.0,244.0,31R445,Port Richmond High School
15K667,148.71428571428572,5211.238095238095,7,53.0,248.0,15K667,Sunset Park High School
21K690,107.57142857142857,5135.952380952383,7,32.0,241.0,21K690,Brooklyn Studio Secondary School
02M412,86.42857142857143,5125.619047619048,7,31.0,223.0,02M412,N.Y.C. Lab School for Collaborative Studies
27Q262,158.0,5112.0,7,73.0,259.0,27Q262,Channel View School for Research
10X368,160.14285714285714,5086.809523809524,7,50.0,259.0,10X368,In-Tech Academy (M.S. / High School 368)
14K454,192.42857142857142,5086.285714285715,7,74.0,260.0,14K454,The Williamsburg High School of Art and Technology
25Q240,177.85714285714286,5071.809523809524,7,113.0,294.0,25Q240,Veritas Academy
02M135,181.0,5027.666666666667,7,53.0,259.0,02M135,The Urban Assembly Early College High School for Emergency Medicine
06M462,186.85714285714286,5014.142857142857,7,136.0,326.0,06M462,The College Academy
10X141,158.57142857142858,5012.285714285714,7,66.0,259.0,10X141,Riverdale / Kingsbridge Academy (Middle School / High School 141)
21K468,101.42857142857143,4984.619047619047,7,44.0,242.0,21K468,Kingsborough Early College School
24Q455,141.57142857142858,4984.285714285715,7,59.0,240.0,24Q455,Newtown High School
02M294,116.28571428571429,4947.238095238096,7,58.0,259.0,02M294,Essex Street Academy
22K611,152.0,4928.0,7,12.0,241.0,22K611,Origins High School
07X223,161.0,4863.666666666667,7,76.0,259.0,07X223,The Laboratory School of Finance and Technology: X223
17K408,201.85714285714286,4845.476190476191,7,97.0,265.0,17K408,Academy of Hospitality and Tourism
07X495,83.71428571428571,4818.9047619047615,7,9.0,197.0,07X495,University Heights Secondary School
08X367,187.85714285714286,4791.142857142858,7,102.0,281.0,08X367,"Archimedes Academy for Math, Science and Technology Applications"
06M346,162.57142857142858,4785.285714285714,7,84.0,268.0,06M346,Community Health Academy of the Heights
07X522,161.85714285714286,4769.47619047619,7,65.0,241.0,07X522,Bronx Design and Construction Academy
15K448,175.42857142857142,4753.619047619047,7,81.0,261.0,15K448,Brooklyn Collaborative Studies
30Q367,170.28571428571428,4751.904761904762,7,50.0,259.0,30Q367,Motion Picture Tech High School
02M580,188.0,4661.333333333333,7,97.0,259.0,02M580,Richard R. Green High School of Teaching
07X221,168.71428571428572,4636.9047619047615,7,53.0,259.0,07X221,South Bronx Preparatory: A College Board School
11X418,163.85714285714286,4579.476190476191,7,43.0,243.0,11X418,Bronx High School for the Visual Arts
25Q252,140.57142857142858,4564.619047619049,7,55.0,259.0,25Q252,"Queens School of Inquiry, The"
29Q498,128.85714285714286,4551.47619047619,7,24.0,231.0,29Q498,"Health, Arts, Robotics, and Technology High School"
29Q492,179.42857142857142,4540.619047619048,7,102.0,308.0,29Q492,"Mathematics, Science Research and Technology Magnet High School"
03M860,219.85714285714286,4538.809523809524,7,144.0,297.0,03M860,Frederick Douglass Academy II Secondary School
02M047,219.85714285714286,4534.809523809524,7,144.0,295.0,02M047,47 The American Sign Language and English Secondary School
01M450,143.42857142857142,4506.952380952381,7,65.0,259.0,01M450,East Side Community School
08X293,195.42857142857142,4488.619047619047,7,144.0,328.0,08X293,Renaissance High School for Musical Theater and the Arts
17K600,110.85714285714286,4446.809523809524,7,50.0,244.0,17K600,Clara Barton High School
29Q283,217.71428571428572,4443.9047619047615,7,144.0,315.0,29Q283,Preparatory Academy for Writers: A College Board School
07X600,137.14285714285714,4439.142857142858,7,53.0,259.0,07X600,Alfred E. Smith Career and Technical Education High School
21K540,82.71428571428571,4410.571428571428,7,32.0,225.0,21K540,John Dewey High School
18K617,200.71428571428572,4363.238095238095,7,144.0,330.0,18K617,High School for Innovation in Advertising and Media
02M489,150.42857142857142,4352.619047619048,7,24.0,223.0,02M489,High School of Economics and Finance
32K545,212.14285714285714,4345.142857142858,7,144.0,320.0,32K545,EBC High School for Public Service - Bushwick
32K554,147.0,4342.333333333333,7,80.0,241.0,32K554,All City Leadership Secondary School
11X545,172.14285714285714,4327.476190476191,7,53.0,241.0,11X545,Bronx Aerospace High School
02M393,136.42857142857142,4324.952380952381,7,24.0,241.0,02M393,Business Of Sports School
19K764,198.85714285714286,4296.809523809524,7,141.0,300.0,19K764,The Urban Assembly School for Collaborative Healthcare
27Q351,207.85714285714286,4261.809523809524,7,144.0,315.0,27Q351,Rockaway Collegiate High School
02M376,65.42857142857143,4229.619047619048,7,21.0,210.0,02M376,NYC iSchool
06M211,163.42857142857142,4176.952380952381,7,89.0,259.0,06M211,Inwood Early College for Health and Information Technologies
19K659,206.14285714285714,4152.142857142858,7,145.0,319.0,19K659,Cypress Hills Collegiate Preparatory School
02M414,93.85714285714286,4143.47619047619,7,38.0,215.0,02M414,N.Y.C. Museum School
14K474,209.71428571428572,4134.571428571428,7,144.0,313.0,14K474,PROGRESS High School for Professional Careers
32K168,185.0,4114.333333333333,7,124.0,302.0,32K168,The Brooklyn School for Math and Research
02M605,216.57142857142858,4106.285714285715,7,144.0,294.0,02M605,Humanities Preparatory Academy
06M348,177.28571428571428,4050.2380952380954,7,77.0,259.0,06M348,Washington Heights Expeditionary Learning School
02M303,183.85714285714286,4030.8095238095243,7,102.0,284.0,02M303,"Facing History School, The"
26Q435,138.14285714285714,3956.476190476191,7,82.0,273.0,26Q435,Martin Van Buren High School
29Q259,179.42857142857142,3855.6190476190477,7,109.0,274.0,29Q259,Pathways College Preparatory School: A College Board School
26Q566,152.42857142857142,3817.285714285714,7,91.0,259.0,26Q566,"Queens High School of Teaching, Liberal Arts and the Sciences"
10X225,214.57142857142858,3776.285714285714,7,144.0,283.0,10X225,Theatre Arts Production Company School
14K558,134.71428571428572,3767.238095238095,7,85.0,259.0,14K558,Williamsburg High School for Architecture and Design
04M495,93.57142857142857,3759.619047619048,7,41.0,223.0,04M495,Park East High School
10X433,214.14285714285714,3747.1428571428573,7,145.0,292.0,10X433,High School for Teaching and the Professions
31R047,68.42857142857143,3746.9523809523803,7,11.0,144.0,31R047,CSI High School for International Studies
06M293,137.57142857142858,3728.952380952381,7,38.0,241.0,06M293,City College Academy of the Arts
02M655,212.14285714285714,3692.4761904761904,7,144.0,296.0,02M655,The High School for Climate Justice
15K429,190.57142857142858,3663.619047619048,7,97.0,260.0,15K429,Digital Arts and Cinema Technology High School
09X505,140.14285714285714,3642.4761904761904,7,78.0,259.0,09X505,"Bronx School for Law, Government and Justice"
04M372,179.14285714285714,3628.476190476191,7,90.0,259.0,04M372,Esperanza Preparatory Academy
10X477,158.28571428571428,3593.2380952380954,7,85.0,269.0,10X477,Marble Hill High School for International Studies
02M413,112.57142857142857,3573.285714285715,7,51.0,194.0,02M413,School of the Future High School
05M499,155.14285714285714,3532.476190476191,7,84.0,241.0,05M499,Frederick Douglass Academy
12X682,212.57142857142858,3519.6190476190477,7,144.0,285.0,12X682,Fannie Lou Hamer Freedom High School
09X241,182.85714285714286,3469.8095238095243,7,85.0,259.0,09X241,"Urban Assembly School for Applied Math and Science, The"
15K464,171.0,3461.3333333333335,7,102.0,291.0,15K464,Park Slope Collegiate
02M551,152.14285714285714,3433.142857142857,7,82.0,241.0,02M551,Urban Assembly New York Harbor School
08X405,119.42857142857143,3404.952380952381,7,60.0,229.0,08X405,Herbert H. Lehman High School
15K656,132.14285714285714,3389.476190476191,7,52.0,241.0,15K656,Brooklyn High School of the Arts
13K605,164.0,3367.6666666666665,7,97.0,256.0,13K605,George Westinghouse Career and Technical Education High School
09X231,170.0,3361.3333333333335,7,100.0,259.0,09X231,Eagle Academy for Young Men
30Q502,128.71428571428572,3355.238095238095,7,41.0,215.0,30Q502,Information Technology High School
25Q460,117.0,3335.6666666666665,7,67.0,197.0,25Q460,Flushing High School
28Q350,132.85714285714286,3289.476190476191,7,26.0,199.0,28Q350,Jamaica Gateway to the Sciences
24Q530,106.57142857142857,3279.285714285715,7,16.0,159.0,24Q530,International High School at LaGuardia Community College
03M307,204.14285714285714,3264.4761904761904,7,144.0,284.0,03M307,"Urban Assembly School for Media Studies, The"
01M292,193.85714285714286,3260.4761904761904,7,122.0,259.0,01M292,Orchard Collegiate Academy
02M630,68.57142857142857,3256.6190476190477,7,24.0,180.0,02M630,Art and Design High School
15K462,176.71428571428572,3216.571428571429,7,124.0,277.0,15K462,John Jay School for Law
10X243,172.42857142857142,3214.9523809523816,7,77.0,241.0,10X243,West Bronx Academy for the Future
09X252,186.71428571428572,3212.571428571428,7,117.0,259.0,09X252,Mott Hall Bronx High School
27Q475,125.28571428571429,3157.904761904762,7,47.0,210.0,27Q475,Richmond Hill High School
19K507,195.42857142857142,3137.6190476190473,7,144.0,287.0,19K507,Performing Arts and Technology High School
11X299,127.28571428571429,3117.9047619047615,7,54.0,222.0,11X299,Astor Collegiate Academy
29Q272,192.42857142857142,3115.6190476190477,7,141.0,259.0,29Q272,George Washington Carver High School for the Sciences
10X438,150.71428571428572,3093.571428571429,7,75.0,249.0,10X438,Fordham Leadership Academy
10X442,172.28571428571428,3047.571428571428,7,118.0,259.0,10X442,"Celia Cruz Bronx High School of Music, The"
28Q284,107.0,3043.3333333333335,7,35.0,191.0,28Q284,York Early College Academy
07X625,207.57142857142858,3033.952380952381,7,144.0,272.0,07X625,Bronx Legacy High School
31R600,143.85714285714286,3019.142857142857,7,74.0,241.0,31R600,Ralph R. McKee Career and Technical Education High School
28Q167,106.85714285714286,2971.142857142857,7,45.0,180.0,28Q167,Metropolitan Expeditionary Learning School
12X242,122.0,2963.6666666666665,7,52.0,206.0,12X242,Mott Hall V
02M392,130.71428571428572,2944.571428571429,7,65.0,195.0,02M392,Manhattan Business Academy
01M448,97.0,2880.6666666666665,7,42.0,185.0,01M448,University Neighborhood High School
24Q293,148.0,2860.6666666666665,7,45.0,206.0,24Q293,Civic Leadership Academy
03M492,136.14285714285714,2859.1428571428573,7,24.0,180.0,03M492,"High School for Law, Advocacy and Community Justice"
02M531,197.0,2858.0,7,145.0,259.0,02M531,Repertory Company High School for Theatre Arts
24Q560,157.28571428571428,2809.904761904762,7,96.0,227.0,24Q560,"Robert F. Wagner, Jr. Secondary School for Arts and Technology"
21K572,174.85714285714286,2797.8095238095234,7,113.0,241.0,21K572,Leaders High School
13K595,84.85714285714286,2789.476190476191,7,42.0,200.0,13K595,Bedford Academy High School
03M610,154.42857142857142,2760.6190476190477,7,102.0,266.0,03M610,Young Women's Leadership School
02M374,205.71428571428572,2736.571428571429,7,144.0,259.0,02M374,Gramercy Arts High School
19K639,171.14285714285714,2682.4761904761904,7,73.0,228.0,19K639,Brooklyn Lab School
12X478,159.71428571428572,2664.9047619047624,7,86.0,259.0,12X478,The Cinema School
09X227,190.85714285714286,2662.476190476191,7,127.0,259.0,09X227,Bronx Collegiate Academy
30Q286,111.0,2652.3333333333335,7,42.0,161.0,30Q286,"Young Women's Leadership School, Astoria"
11X288,113.71428571428571,2631.238095238095,7,29.0,168.0,11X288,Collegiate Institute for Math and Science
29Q326,200.57142857142858,2611.6190476190473,7,144.0,263.0,29Q326,Cambria Heights Academy
02M139,201.85714285714286,2577.1428571428573,7,144.0,259.0,02M139,Stephen T. Mather Building Arts & Craftsmanship High School
10X434,171.14285714285714,2575.1428571428573,7,85.0,241.0,10X434,Belmont Preparatory High School
09X568,168.28571428571428,2547.238095238095,7,104.0,259.0,09X568,Young Women's Leadership School of the Bronx
14K071,197.28571428571428,2524.5714285714284,7,144.0,260.0,14K071,Juan Morel Campos Secondary School
10X228,175.85714285714286,2505.4761904761904,7,141.0,259.0,10X228,Jonas Bronck Academy
12X641,60.857142857142854,2500.142857142857,7,6.0,148.0,12X641,Bard High School Early College Bronx
07X548,143.57142857142858,2488.9523809523807,7,85.0,241.0,07X548,Careers in Sports High School
19K409,162.28571428571428,2455.2380952380954,7,93.0,259.0,19K409,East New York Family Academy
14K488,190.85714285714286,2455.1428571428573,7,144.0,259.0,14K488,Brooklyn Preparatory High School
22K535,40.142857142857146,2452.8095238095243,7,5.0,144.0,22K535,Leon M. Goldstein High School for the Sciences
03M415,199.42857142857142,2421.952380952381,7,144.0,259.0,03M415,Wadleigh Secondary School for the Performing & Visual Arts
19K615,151.57142857142858,2395.285714285714,7,73.0,215.0,19K615,Transit Tech Career and Technical Education High School
30Q445,115.71428571428571,2389.571428571429,7,58.0,194.0,30Q445,William Cullen Bryant High School
24Q485,118.42857142857143,2382.952380952381,7,49.0,184.0,24Q485,Grover Cleveland High School
07X500,181.42857142857142,2291.6190476190477,7,144.0,259.0,07X500,Hostos-Lincoln Academy of Science
24Q610,38.714285714285715,2283.9047619047615,7,9.0,144.0,24Q610,Aviation Career & Technical Education High School
06M540,141.14285714285714,2255.8095238095243,7,74.0,223.0,06M540,A. Philip Randolph Campus High School
19K618,139.14285714285714,2231.8095238095234,7,81.0,211.0,19K618,Academy of Innovative Technology
30Q580,45.42857142857143,2227.6190476190477,7,11.0,144.0,30Q580,Baccalaureate School for Global Education
31R460,61.42857142857143,2217.952380952381,7,22.0,145.0,31R460,Susan E. Wagner High School
08X376,151.0,2211.0,7,86.0,210.0,08X376,Antonia Pantoja Preparatory Academy: A College Board School
19K502,173.0,2202.6666666666665,7,145.0,278.0,19K502,FDNY - Captain Vernon A. Richard High School for Fire and Life Safety
26Q415,41.714285714285715,2151.904761904762,7,14.0,144.0,26Q415,Benjamin N. Cardozo High School
31R440,60.0,2150.0,7,24.0,145.0,31R440,New Dorp High School
02M420,72.0,2097.3333333333335,7,27.0,138.0,02M420,High School for Health Professions and Human Services
11X275,184.71428571428572,2082.571428571429,7,144.0,264.0,11X275,High School of Computers and Technology
11X542,129.14285714285714,2080.809523809524,7,76.0,203.0,11X542,Pelham Preparatory Academy
02M600,82.71428571428571,2022.5714285714287,7,37.0,169.0,02M600,The High School of Fashion Industries
09X413,152.42857142857142,2019.952380952381,7,84.0,220.0,09X413,Bronx High School for Medical Science
30Q417,189.28571428571428,1990.5714285714284,7,144.0,260.0,30Q417,Gotham Tech High School
10X374,122.42857142857143,1953.6190476190477,7,62.0,177.0,10X374,Knowledge and Power Preparatory Academy International High School (Kappa)
28Q690,159.0,1925.3333333333333,7,124.0,254.0,28Q690,High School for Law Enforcement and Public Safety
24Q600,58.42857142857143,1873.285714285714,7,8.0,144.0,24Q600,Queens Technical High School
21K620,169.85714285714286,1870.1428571428576,7,107.0,241.0,21K620,William E. Grady Career and Technical Education High School
20K505,60.714285714285715,1868.2380952380952,7,25.0,144.0,20K505,Franklin Delano Roosevelt High School
10X353,144.71428571428572,1851.5714285714287,7,72.0,180.0,10X353,World View High School
28Q328,113.14285714285714,1833.1428571428569,7,60.0,162.0,28Q328,High School for Community Leadership
31R450,80.71428571428571,1811.5714285714287,7,39.0,144.0,31R450,Curtis High School
32K552,173.28571428571428,1799.9047619047622,7,128.0,241.0,32K552,The Academy of Urban Planning and Engineering
24Q520,85.0,1783.6666666666667,7,22.0,144.0,24Q520,Middle College High School at LaGuardia Community College
14K561,153.14285714285714,1757.8095238095236,7,109.0,241.0,14K561,Williamsburg Preparatory School
13K674,125.14285714285714,1743.4761904761908,7,66.0,194.0,13K674,"City Polytechnic High School of Engineering, Architecture, and Technology"
14K478,190.0,1739.0,7,144.0,246.0,14K478,"The High School for Enterprise, Business and Technology"
11X455,124.57142857142857,1728.285714285714,7,69.0,184.0,11X455,Harry S Truman High School
10X440,103.71428571428571,1679.5714285714284,7,64.0,159.0,10X440,DeWitt Clinton High School
28Q686,57.142857142857146,1641.1428571428576,7,27.0,144.0,28Q686,Queens Metropolitan High School
30Q575,59.57142857142857,1639.6190476190477,7,15.0,144.0,30Q575,Academy of American Studies
25Q670,103.0,1633.6666666666667,7,45.0,152.0,25Q670,Robert F. Kennedy Community High School
30Q258,98.0,1615.6666666666667,7,30.0,145.0,30Q258,Energy Tech High School
32K556,165.57142857142858,1579.2857142857144,7,124.0,249.0,32K556,Bushwick Leaders High School for Academic Excellence
27Q302,148.0,1576.6666666666667,7,73.0,199.0,27Q302,"Queens High School for Information, Research, and Technology"
11X508,135.28571428571428,1570.5714285714284,7,81.0,189.0,11X508,Bronxdale High School
27Q323,58.857142857142854,1548.8095238095239,7,24.0,144.0,27Q323,Scholars' Academy
28Q505,87.57142857142857,1547.6190476190477,7,32.0,134.0,28Q505,Hillcrest High School
08X269,160.14285714285714,1524.8095238095236,7,128.0,242.0,08X269,Bronx Studio School for Writers and Artists
27Q308,76.42857142857143,1494.6190476190477,7,28.0,144.0,27Q308,Robert H. Goddard High School of Communication Arts and Technology
27Q309,153.14285714285714,1482.8095238095236,7,86.0,217.0,27Q309,Academy of Medical Technology: A College Board School
02M298,157.85714285714286,1466.142857142857,7,102.0,198.0,02M298,Pace High School
10X439,160.57142857142858,1454.6190476190477,7,120.0,234.0,10X439,Bronx High School for Law and Community Service
27Q334,129.71428571428572,1411.2380952380954,7,74.0,172.0,27Q334,Epic High School - North
26Q315,99.57142857142857,1394.952380952381,7,47.0,146.0,26Q315,Business Technology Early College High School
02M507,131.42857142857142,1375.9523809523807,7,104.0,210.0,02M507,Urban Assembly Gateway School for Technology
28Q440,34.0,1375.3333333333333,7,4.0,115.0,28Q440,Forest Hills High School
24Q264,73.28571428571429,1367.2380952380952,7,37.0,144.0,24Q264,Academy of Finance and Enterprise
30Q301,126.28571428571429,1344.904761904762,7,70.0,161.0,30Q301,Academy for Careers in Television and Film
10X264,176.42857142857142,1343.2857142857144,7,125.0,237.0,10X264,Bronx Academy for Software Engineering (BASE)
27Q314,168.14285714285714,1284.4761904761904,7,135.0,220.0,27Q314,Epic High School - South
27Q480,81.71428571428571,1282.9047619047622,7,24.0,124.0,27Q480,John Adams High School
20K490,31.0,1242.3333333333333,7,1.0,85.0,20K490,Fort Hamilton High School
02M449,178.0,1192.0,7,144.0,241.0,02M449,Vanguard High School
11X249,169.0,1156.6666666666667,7,131.0,214.0,11X249,Bronx Health Sciences High School
22K555,60.42857142857143,1081.952380952381,7,32.0,111.0,22K555,Brooklyn College Academy
07X259,129.28571428571428,1055.2380952380952,7,84.0,160.0,07X259,"H.E.R.O. High (Health, Education, and Research Occupations High School)"
02M546,86.42857142857143,985.6190476190476,7,56.0,144.0,02M546,Academy for Software Engineering
21K525,29.428571428571427,961.6190476190476,7,8.0,98.0,21K525,Edward R. Murrow High School
30Q501,44.714285714285715,928.5714285714286,7,15.0,103.0,30Q501,Frank Sinatra School of the Arts High School
02M400,113.14285714285714,903.8095238095239,7,75.0,156.0,02M400,High School for Environmental Studies
14K610,134.42857142857142,900.2857142857146,7,80.0,168.0,14K610,A-Tech High School
10X437,121.28571428571429,899.2380952380951,7,87.0,159.0,10X437,Fordham High School for the Arts
20K445,34.714285714285715,784.2380952380953,7,7.0,81.0,20K445,New Utrecht High School
03M417,127.42857142857143,747.9523809523808,7,77.0,159.0,03M417,Frank McCourt High School
20K485,28.142857142857142,689.1428571428572,7,3.0,76.0,20K485,High School of Telecommunication Arts and Technology
19K660,145.28571428571428,644.2380952380953,7,104.0,186.0,19K660,W. H. Maxwell Career and Technical Education High School
24Q585,32.714285714285715,628.2380952380953,7,3.0,85.0,24Q585,Maspeth High School
26Q495,22.0,508.6666666666667,7,4.0,65.0,26Q495,Bayside High School
01M539,24.714285714285715,393.9047619047619,7,6.0,57.0,01M539,"New Explorations into Science, Technology and Math High School"
22K425,27.714285714285715,350.23809523809524,7,8.0,65.0,22K425,James Madison High School
26Q430,13.857142857142858,329.1428571428571,7,2.0,53.0,26Q430,Francis Lewis High School
27Q650,32.142857142857146,299.8095238095238,7,14.0,63.0,27Q650,"High School for Construction Trades, Engineering and Architecture"
21K410,62.857142857142854,241.14285714285714,7,48.0,91.0,21K410,Abraham Lincoln High School
04M435,23.0,201.0,7,9.0,45.0,04M435,Manhattan Center for Science and Mathematics
04M555,35.0,185.0,7,19.0,57.0,04M555,Central Park East High School
02M418,22.0,180.0,7,9.0,44.0,02M418,Millennium High School
28Q620,21.428571428571427,165.2857142857143,7,3.0,40.0,28Q620,Thomas A. Edison Career and Technical Education High School
05M362,24.571428571428573,120.28571428571429,7,4.0,34.0,05M362,Columbia Secondary School
15K684,16.714285714285715,115.90476190476188,7,4.0,36.0,15K684,Millennium Brooklyn HS
01M696,16.571428571428573,74.95238095238095,7,4.0,24.0,01M696,Bard High School Early College
03M479,7.714285714285714,65.57142857142856,7,1.0,21.0,03M479,Beacon High School
24Q299,10.571428571428571,39.952380952380956,7,2.0,20.0,24Q299,Bard High School Early College Queens
02M411,16.857142857142858,33.47619047619048,7,8.0,26.0,02M411,Baruch College Campus High School
22K405,6.142857142857143,23.476190476190478,7,2.0,14.0,22K405,Midwood High School
02M416,7.571428571428571,17.95238095238095,7,2.0,14.0,02M416,Eleanor Roosevelt High School
03M541,9.285714285714286,16.238095238095237,7,5.0,15.0,03M541,Manhattan / Hunter Science High School
25Q525,2.5714285714285716,3.952380952380952,7,1.0,5.0,25Q525,Townsend Harris High School
